[
  {
    "id": "8fed1dc6-aee4-4fb2-8e13-82300612d63d",
    "data": [
      {
        "text": "i want a coffee ",
        "userDefined": false
      },
      {
        "text": "today",
        "alias": "date",
        "meta": "@sys.date",
        "userDefined": false
      },
      {
        "text": " ",
        "userDefined": false
      },
      {
        "text": "at 3pm",
        "alias": "time",
        "meta": "@sys.time",
        "userDefined": false
      }
    ],
    "isTemplate": false,
    "count": 0,
    "updated": 0
  },
  {
    "id": "b59796ed-a2a0-4590-82a0-a6eadba74a62",
    "data": [
      {
        "text": "can you deliver a cup of coffee",
        "userDefined": false
      }
    ],
    "isTemplate": false,
    "count": 0,
    "updated": 0
  },
  {
    "id": "d69c3f24-9a2a-458b-9ede-b0d65621479c",
    "data": [
      {
        "text": "i want a coffee",
        "userDefined": false
      }
    ],
    "isTemplate": false,
    "count": 0,
    "updated": 0
  },
  {
    "id": "ad66ece3-a450-4299-9350-dfa08418c433",
    "data": [
      {
        "text": "3",
        "alias": "number",
        "meta": "@sys.number",
        "userDefined": false
      },
      {
        "text": " ",
        "userDefined": false
      },
      {
        "text": "mocha",
        "alias": "coffee-flavours",
        "meta": "@coffee-flavours",
        "userDefined": true
      }
    ],
    "isTemplate": false,
    "count": 0,
    "updated": 0
  },
  {
    "id": "db03a221-204d-4a7f-a938-40f7a266e531",
    "data": [
      {
        "text": "can i have a cup of coffee",
        "userDefined": false
      }
    ],
    "isTemplate": false,
    "count": 0,
    "updated": 0
  },
  {
    "id": "1f5f5c99-9328-4f4f-af6f-7470d8b962ad",
    "data": [
      {
        "text": "i need a ",
        "userDefined": false
      },
      {
        "text": "regular",
        "alias": "coffee-cup-size",
        "meta": "@coffee-cup-size",
        "userDefined": false
      },
      {
        "text": " ",
        "userDefined": false
      },
      {
        "text": "expresso",
        "alias": "coffee-flavours",
        "meta": "@coffee-flavours",
        "userDefined": true
      }
    ],
    "isTemplate": false,
    "count": 0,
    "updated": 0
  },
  {
    "id": "9d601cc2-5a61-4d21-8165-f5963cbec8d0",
    "data": [
      {
        "text": "i want a ",
        "userDefined": false
      },
      {
        "text": "mocha",
        "alias": "coffee-flavours",
        "meta": "@coffee-flavours",
        "userDefined": false
      }
    ],
    "isTemplate": false,
    "count": 0,
    "updated": 0
  },
  {
    "id": "b3334a98-c8e7-4059-9dac-257a380f3b0d",
    "data": [
      {
        "text": "3 cups",
        "meta": "@sys.ignore",
        "userDefined": false
      },
      {
        "text": " of coffee",
        "userDefined": false
      }
    ],
    "isTemplate": false,
    "count": 0,
    "updated": 0
  }
]