[
  {
    "id": "d2869ad1-8cee-4082-b841-740f90e650fa",
    "data": [
      {
        "text": "what are your working hours",
        "userDefined": false
      }
    ],
    "isTemplate": false,
    "count": 0,
    "updated": 0
  },
  {
    "id": "e5f89210-9b1a-4686-84cc-1c10475eb884",
    "data": [
      {
        "text": "when shop will be closed",
        "userDefined": false
      }
    ],
    "isTemplate": false,
    "count": 0,
    "updated": 0
  },
  {
    "id": "da7f2e92-bd82-4b62-aa73-51917b2ecf70",
    "data": [
      {
        "text": "are you open",
        "userDefined": false
      }
    ],
    "isTemplate": false,
    "count": 0,
    "updated": 0
  },
  {
    "id": "261259d4-010b-4d59-8530-b0d885a6d0b8",
    "data": [
      {
        "text": "when you will be closed",
        "userDefined": false
      }
    ],
    "isTemplate": false,
    "count": 0,
    "updated": 0
  }
]