[
  {
    "value": "Vanilla",
    "synonyms": [
      "Vanilla",
      "French Vanilla",
      "plain",
      "elementary"
    ]
  },
  {
    "value": "Caramel Macchiato",
    "synonyms": [
      "Caramel Macchiato",
      "Caramel",
      "dusty",
      "blond",
      "Macchiato"
    ]
  },
  {
    "value": "Mocha",
    "synonyms": [
      "Mocha",
      "espresso",
      "caffeine",
      "cappuccino"
    ]
  },
  {
    "value": "Hazelnut",
    "synonyms": [
      "Hazelnut",
      "hazel",
      "nuts"
    ]
  },
  {
    "value": "chocolate",
    "synonyms": [
      "chocolate",
      "bitter",
      "dark",
      "choco"
    ]
  }
]